Source,Target
@Sw33tss_,@BruceHiscott
@sueski93,@kplknup
@birdieglad,@pannlewis44
@Claudia28588043,@DaleEstey
@ChelseaClinton,@therealroseanne
@CityJohn,@HelenORahilly
@DarbaDee,@mitch_won
@DarbaDee,@vertigo7804
@dmason8652,@1angryhillbilly
@georgmike19,@RiddleSean
@therealroseanne,@ABC
@MamaRose2017,@keanothedog
@k_ovfefe,@zattack2016
@mangum_suzy,@Sissy44369900
@Christi70510567,@B_NERD
@Milliron681,@andygh26
@Real_Tim_Turner,@CoCoDeLiGhT_
@MarkSDeRosa,@GABkicksass
@EverleashLLC,@ThatWokeAuntie
@sm19451,@KEC9
@DelusionaryPhD,@LiberalLecter
@gaberobertson1,@jSpechal
@thenatureboiiii,@hollygo10
@AndreaGw123,@michelle11502
@SharrDonald,@MAGATrumpGirl
@CatcheNameHere,@therealroseanne
@zZ_King,@jonny_red32
@UnDreadPirate,@JFlaken
@theretheirthere,@Moezmusing1
@MrKleptonic,@ndavis2
@JaxBchLady,@RHOBellevue
@Dan__McClure,@VanGauthier3
@shittle_07,@josephmcclung81
@TjJamesAZ,@_RayStern
@terry_cousin,@haha967
@carolina4POTUS,@DLoffman
@IWillRedPillU,@REMarquardt
@ryanfeinberg407,@Mardcon
@ryanfeinberg407,@thenatureboiiii
@therealroseanne,@MARS0411
@therealroseanne,@YaBoyChaley
@FroggieJulie,@lvcuban
@sfrsteel,@RobPlays
@angelhrt1952,@jweissman476
@z56po,@TheAntiTwitler
@MRJAYBEE83,@MAGA_PARTY_559
@bleudawn7,@SafiMaasai
@politicangst,@Lflashy
@Grumpyallday,@SBelle1950
@DeeDeeRP,@lafleurmtl
@Coach_Crash,@KenGardner11
@heatherkarwacki,@jilldjones
@DaveMuscarella,@satanisadick
@philip_saulter,@mpsuggs
@hillfamilynana,@DaleLee919
@xanderaddison,@thedailyangle
@therealroseanne,@RobertIger
@CalFreedomMom,@BossyCowgurl84
@DonnaWR8,@carrieksada_
@gabe_seabass,@WhereWeGo11
@UncleAndy45014,@LambitoTheDon
@PresidentTyrone,@ItsTanaMarie
@ryanfeinberg407,@grumpy99
@margiemurd,@jeklo24
@Chelle_Shocker,@Grumpyallday
@Nick_Hanover,@DavidUzumeri
@AHR1228,@beingattacked
@BelindaBee13,@ken11801
@mojopo,@ma_liky_
@bobdyer55,@Chelle_Shocker
@therealroseanne,@bayareahausfrau
@RadioBizBody,@GeriMonsen1
@Nippmal1,@MrRamy01
@ShellyAMoss2,@TheAntiTwitler
@the_anne_tie,@holachola
@nisisdaughter,@mpsuggs
@nisisdaughter,@philip_saulter
@Kschmidt67,@Wbarial302
@bpadj,@bfreinik
@mray71150,@Jaguire19
@RobiCalifornia,@AndreaGw123
@RobiCalifornia,@michelle11502
@1stMosesNowThis,@holachola
@1stMosesNowThis,@the_anne_tie
@Wonder_Woman53,@SkreetGil
@tlvance63,@Toniraebenedic1
@thenatureboiiii,@Mardcon
@mehransharmini,@mojopo
@SidecarAndCoffe,@bywayofjpp
@THEsaragilbert,@ABC
@elreyDallas,@ahernandez85b
@AdrblyFerocious,@MamaRose2017
@chrisb_writer,@Nippmal1
@JennywithaGlock,@TriggeredNaruto
@ghostmagic48,@AxholetheGreat
@USA_Anne711,@LorcaDamon
@AreLights,@DaleLee919
@Garywagoner3,@DrShayPhD
@girlsaIouds,@theoryofgalecki
@briantidwell09,@GeriMonsen1
@briantidwell09,@RadioBizBody
@LorcaDamon,@SlightlyRusted
@DeannaSader,@SaraV20166
@DeannaSader,@DarbaDee
@imthesongbirdy,@jagproperties
@MarkSZaidEsq,@stormishere18
@MarkSZaidEsq,@T_S_P_O_O_K_Y
@TheRealMadGib2,@nysports1975
@MichelleDaviso6,@Omerta1916
@thatgrllvstrmp,@svsfsu29
@margaritamimi1,@JosephCumia
@AustinJLuse,@d_ALLL
@overthewall1630,@GardenGuy82
@overthewall1630,@Amandam2941Lynn
@archie34,@WholeLottaRosex
@archie34,@josephmcclung81
@MaraJade_2017,@TheSWPrincess
@JPW58115639,@rovermom
@antventure,@CaughtYa164
@RealFuckSchtick,@donnajisaok
@Susan_Teeple,@BerryFLW
@KimKriz1,@KooperKatz
@duckduckloose,@DarbaDee
@okapiden,@snarkforce1
@AmandaNHardwic1,@FrostbiteBlizz
@Pork_Kebab,@NatIG85949573
@RainingTable,@drob995
@MrBonMot,@northernscums
@MrKurtLockwood,@MsSleuth007
@NeoBolshevik,@MReco12
@CaomhanKeane,@TimWil014
@EsemicolonR,@LorcaDamon
@MplsMe,@ladyhawkerfinds
@ThunderBay2day,@UPYOURS555
@holachola,@mbmcmanamon
@voter1vote,@Amy_Etkind
@KimTrashdashian,@JaxBchLady
@KimTrashdashian,@RHOBellevue
@WoodsMichelle5,@AgentCoop85
@ChristopherN4G,@Knightkore
@deenieshats,@dinok1975
@Lucypuff,@BrianSaysStuff
@JusTFacts12345,@jb_mchale
@1pearljamfan,@RajaBleedsBlue
@sleep2dream,@AnniIrish
@MitchyRed23,@risinmojo1974
@rkfatheree,@Mamaknits3
@Enigma1008,@lisajohead
@SavvyAuntie,@leslie
@et9028,@OwnMindBRob
@AmandaNHardwic1,@CaughtYa164
@themyles39,@JKRobot_7
@BZigg,@ms_anonymous_d
@Jacquel70700100,@pv1star
@therealroseanne,@LauraLoomer
@danjdob,@brengun66
@intheMatrixxx,@jlongfieldsmith
@kirkpatrickcp,@TheAntiTwitler
@CarolForden,@AttyJ
@EricVonFluger,@estradagold1
@moriya2k2,@Ike19777
@TheCountryBoys,@Prop215Patient
@TT45Pac,@ian_shuker
@its_a_trapppppp,@TiangPaul
@its_a_trapppppp,@B_Rad_Gee_Zee
@Glightheart1,@Leeds_Demon
@misfitkronos,@4happyfolks
@DanaNra2000,@china_doll24
@Dentheluck,@KarimAvecM
@overthewall1630,@LittlePubGig
@TruthHu72968530,@NinersMayne
@GinnyMac55,@devdev324
@ma_liky_,@MizzesB
@hawkeyes4life1,@Om4rSd
@bbredttt,@SpinaRoony
@JusticeAngelof,@W56Annie
@AmyOnCoffee,@aaron_magro
@jtstorm62,@DragonflyOnPond
@CentFL4Trump,@TrumpSuckMyD
@skeller85,@slperdue22
@No_TreadChris,@DarbaDee
@marishere,@Delusional45
@willsmithaf,@itspatreesh2u
@BoundForBedlam,@thenatureboiiii
@Smashedcan01,@TheNewRight
@carrieksada_,@jojoh888
@burnerBURNER6,@RedSleez
@Kimberly_Monet,@donnatweetmomma
@R_Gl0ver,@krazyladygma
@Estes1673,@andygh26
@RolfHarris65,@Larsofhaus1
@kim_donadio,@CharlieBuscemi
@zaro_ambrogino,@Kareshy_Alter
@papa_sissy,@virbow1
@JoeSPalmer,@MiloWear1A
@jlongfieldsmith,@tjbayus1
@Lu4Evah,@KimKriz1
@Sweets11R,@okgrdnfn
@GadsdenJazz,@vjeannek
@flint_marko6661,@all_the_Mindy
@JoeClowers1,@GinnyMac55
@JoeClowers1,@devdev324
@RamseyEan,@ofTimeSpace
@patriciaetyson,@CnyRon
@AbrahamAlyzah,@VkilledtheRstar
@lilybaldwin220,@Bgiant1Bob
@Pria_Amin,@BlueLineVeteran
@realLyingMedia,@missy_zaccaro
@grantevanhf,@EddieEddiboy70
@Louzephyr76,@ScottishPhenix
@Lorrieburns77,@michelle11502
@gandsleonard,@Mousseabella
@realgrace_kelly,@someone_uknow
@trumps_wolf,@HeyThatsMyPen
@billings_steve,@TheDunkingNun
@realDonaldTrump,@therealroseanne
@AmandaNHardwic1,@attridgj
@iamAtheistGirl,@MakeANoteOfThat
@DNOPOM,@Ryan4502910043
@realmikepacker,@Sarah_G_Barker
@LadyBabs07,@TravisStarley
@MsVAA,@janice_e
@toystory_81,@toddeherman
@BobbyF9_,@JenniferMostre1
@Erick_O_524,@GinnyMac55
@Erick_O_524,@JoeClowers1
@Erick_O_524,@devdev324
@SGTWoobie,@Leeds_Demon
@SGTWoobie,@Glightheart1
@GretchenAPeck,@Meridian410
@tracymohr,@TippyFalmouth
@therealroseanne,@nytimes
@PatriotElsa,@fisheshadfeet
@UnderdogKitties,@michelle11502
@UnderdogKitties,@AndreaGw123
@UnderdogKitties,@Lorrieburns77
@therealroseanne,@UnderdogKitties
@therealroseanne,@michelle11502
@SavvySync,@Garyville_Girl
@BluesBrother91,@UrUnpaidPundit
@FayeAdrienne,@KellyMadeya
@wisecc1,@UPYOURS555
@thegobest,@ElderLansing
@AbeFroman,@JothikaN
@Drgiggidy71,@spearsdeni
@soonerrick,@DarbaDee
@ljpflash,@mugfrommichigan
@ABC,@KeithOlbermann
@UQnMe,@flint_marko6661
@UQnMe,@all_the_Mindy
@Sadiesayit,@CindyBr15464234
@Kalaax008,@running_on_E
@DaveEvans5555,@ToddO243
@HOFJack21,@andygh26
@Hyne557,@CharlesD3333
@RecipeForTheW,@ElizabethMegna
@mjfree,@realTomDudley
@TheNamesGary,@NYdouchebag
@MzNenaBabii,@Pooh81Editon
@LanaAshford1,@oldmanluvsmineo
@MuricanRedBeard,@arichtall
@MuricanRedBeard,@y_m_k_m
@roastbeef231219,@RainingTable
@JimRitchells24,@JoeK3Fan
@superman0169,@Romli490
@abutler04,@Odie043069
@ballajd,@DrShayPhD
@AdamPllr,@whiteybird33
@Allenswifee,@Skippeachicky
@TheTruthParadox,@CoralSeason8
@TheTruthParadox,@sonicfind2
@Lorrieburns77,@therealroseanne
@burnerBURNER6,@saiwarlord
@QuantumCitizen,@2broz_Twitchtv
@carrieksada_,@BofSports_David
@3359_980,@Chelle_Shocker
@3359_980,@bobdyer55
@3359_980,@SBelle1950
@3359_980,@Grumpyallday
@slipcases,@TennisDudeFL
@ladyhawkerfinds,@Deejdelo
@FgtTheOligarchy,@tweeteraymee
@DrShayPhD,@katie226610
@symmo1969,@realmikeblair
@sjneedsanap,@jjsherryjo
@holachola,@Maria_ARfan
@OpenSociety,@therealroseanne
@beaudyk,@MedCannabis101
@ShellyAMoss2,@kirkpatrickcp
@bhine1069,@BlueInRedCity
@mamaleemc,@JudyFrances1975
@TheTruthParadox,@TypicalEarthing
@thenatureboiiii,@janetheath15
@ChrisRDC_,@JewishConserv
@MarvinMinks4,@AzTrump2020
@cheryl0606,@JuseBeats
@VettingBernie,@MedCannabis101
@VettingBernie,@beaudyk
@JerRobbins1,@valwayne
@DJSeanHaley,@symmo1969
@JamesStrotherJr,@N_Corey1984
@UcheNwaeze1,@nlitvin
@WatsonMcJ,@tynes_linda
@ToonsBrian,@teekhouse
@Genosworld,@JehosefatR
@DwayneDowell1,@the_frugal_jew
@mommydean74,@ginanotjenna
@CharlesLoveYB,@shihanfey
@chrisb_writer,@AxWasHere
@tonyfamilia,@JoeFuscoLPN
@MyAstroLove_,@chipcoffey
@NaplesAlleycat,@TheRealMadGib2
@NaplesAlleycat,@nysports1975
@PaulSorrentino3,@MarkSDeRosa
@PaulSorrentino3,@GABkicksass
@Nalnjz,@LoisWil22702392
@tmshrout,@jonfrederic
@JohnRossLaw,@JoshNavarroTV
@AMurrien,@ajahny
@ryanfeinberg407,@tiggytabbycat
@SkylarR1958,@daned2912
@Kiio_fcf,@PardeepParmar4
@09072021,@JacksonJE2
@Vibrantankles,@NickTheFirst1
@00_dog,@AmericianGinger
@RealOldHouswife,@NewWestSandy
@MARS0411,@Louzephyr76
@MARS0411,@ScottishPhenix
@aintnobarbie,@AjooniC
@BongBong,@TravisConrad12
@TheTweetwit,@danib140
@385parkplace,@MARS0411
@385parkplace,@therealroseanne
@Adenovir,@TonyLepore5
@poshea,@Singingman10
@Firehorsegirly,@Tami_Bry
@TheTruthParadox,@debrashropshire
@ballmatthew,@JeremyHodkin
@CNNisDISGUSTING,@Juris_dudence
@TrumpsTime1,@LordOdin57
@JenNongel,@MarkDice
@1Romans58,@macker_da
@Pearl_USA,@madmamma4
@GinaLuciana,@wildhorses_run
@YaMamaLovesIt,@NickEWish
@LittleBabyNick,@mlynnkc1
@oasisupernova,@tsracewife
@staab_teresa,@valesthebarber
@staab_teresa,@itsninoooo
@FuriousNation,@Crash_86
@ijbailey,@HotlineJosh
@JessicaTarlov,@jefferyclark
@JessicaTarlov,@FoxNews
@BhatnagarSanjna,@PutinFluffer
@trmason63,@MsKenman2008
@Ohio_Buckeye_US,@gsteck74
@T_FisherKing,@VeeCeeMurphy76
@The8BitMisfit,@haseebo
@birdankle,@therealroseanne
@StormChaseLisa,@mediaadvantages
@LeslieATyler,@TrvlPrst
@AParra210,@QueenedKara
@SGNSV_,@HavokHawk
@ToddHeadleeAZ,@bang_mohr
@youcrazypants,@4chloebear
@Bluesutherner,@RecipeForTheW
@Bluesutherner,@ElizabethMegna
@Jackies1866109,@MichaelTurchin
@DarbaDee,@ANGIELEEE2
@Microsingular,@IEatChawal
@realPolitiDiva,@KALBRR7339
@cat_hofc,@jungbung48
@RMett2,@JacUup
@myerslee85,@StarMakerBolin
@thepolyjunki,@JerriSwann21
@thepolyjunki,@ITMFA_NOW
@thepolyjunki,@ScottDaniels447
@JimmySheridanPG,@RealJasonWert
@TrumpsACartoon,@TammyHa83398209
@misstinafey,@Dancingdaria
@iDizOrder,@KaiganAnkh
@RealAlexJones,@therealroseanne
@CassandraRules,@Demosthenes47
@Tiggmo17,@PCsucks66
@CLOUD_TAP_LANCE,@DEn8tive77
@DerrickGhent,@TheRealRapbeat
@RadioBizBody,@DogManKG
@AdamAddict,@DarbaDee
@YoungSpud1385,@paulcolrain
@DaveRi0T,@vol4life999
@ChrisFollins,@mike_Zollo
@craznar,@JohnCarlos_1980
@ReginaP87963387,@3guylink
@MichaelGuenot,@Tutankhamun1989
@KellyRN52,@LeslieATyler
@MsTiffPappion,@No_TreadChris
@MsTiffPappion,@DarbaDee
@Thinkery_41,@jsassy74
@ColdplayCM42,@IjeomaOluo
@Cara_TXZEAL,@BluesBrother91
@Cara_TXZEAL,@UrUnpaidPundit
@jskielb3,@Cara_TXZEAL
@jskielb3,@UrUnpaidPundit
@jskielb3,@BluesBrother91
@hilarion777,@puffballsgirl
@DeplorablAnnJoy,@Aproudtrumper
@DeplorablAnnJoy,@PrzybylakSusan
@annefcav,@CryptoPopsicle
@JenWeeks13,@OtterOut0fWater
@JenWeeks13,@Tasham315Tasha
@twitassassin823,@FFremont
@Sa33d209,@FactualStruggle
@behnkelady,@Walkingtall2492
@BeFairToTrump,@jwcummings49
@soonerrick,@Austrexan
@CourtneyMcCain,@Deann60959956
@cigarboyrick82,@shardi596
@shazlv,@Dorothy7x
@Barbara72468224,@Lorrieburns77
@JudyFrances1975,@GamingTrent
@Lyricoldrap,@im_anonhuman
@EvOConnor15,@profitdog
@therealroseanne,@andygh26
@therealroseanne,@soonerrick
@therealroseanne,@debralynnsmith3
@slavenamehere,@Jessicadliss
@donkeychucker2,@JBenischeck
@Cuzco37850132,@Mandalore_1978
@gwmyers,@keithpbarnicle
@CnyRon,@dotdash1961
@annefcav,@RealSSGH
@RickSmithShow,@Betty10987
@Who_Planted_A,@TrumpsTime1
@NoJesusNoPeace1,@rharris7570
@0htheguilt,@cat_blueyes_44
@0htheguilt,@yinzerbinch
@S246278910,@oldmanluvsmineo
@ivory_lisa,@CaughtYa164
@DeannaSader,@beaniebabygriff
@DeannaSader,@vertigo7804
@mitchellvii,@CentristSM
@JECosmeticsinc,@spit_in_da_butt
@drewjanda,@Tfrank1e
@7brdgesroad,@massaro_sherry
@Ebony_Dynamite,@DemSocAss
@Ebony_Dynamite,@DaveSum69747413
@Ebony_Dynamite,@JLenardDetroit
@ScottDaniels447,@ITMFA_NOW
@linmp1031,@DonnaDo89792101
@3jekk,@JediMasterDre
@RobertIger,@ABC
@akasue6,@bettinamhornsby
@N0toriousKat,@ChevrierMelissa
@__TruthSeeker_,@TrixieGee1
@Akemm2Annette,@JaniceTXBlessed
@PatriotJayne,@TED_CHESS
@MariettaPosts,@MiniBronson09
@BeingGrateful5,@KeshT
@WhiteRa8392,@Sylvysue2
@friendlyone22,@JenHutcherson
@IePeta,@DemSocAss
@IePeta,@Ebony_Dynamite
@DickPumpaloaf,@jamesspider4
@NewprezWanted,@JackisBack
@JessHar96703753,@TC_resistance
@hundsnus,@jkoz069
@MIUP22,@chipcoffey
@Think_Bigly,@TruthWarriorM
@DonnaDo89792101,@NerdyGirlsRulz
@SharylAttkisson,@MARS0411
@SharylAttkisson,@therealroseanne
@DJSeanHaley,@DrJamesJTeeth
@NikkiNarms,@GloriousInanity
@HippieGod__,@E_Rad_E_Rock
@foxandfriends,@therealroseanne
@YgageG,@feed_the_revolt
@JTrigger,@jmarquiso
@DrShayPhD,@Batty_Replicant
@josephpatrickla,@eleebeck
@baxbooksdeux,@seraph76
@puffballsgirl,@mal_samantha
@DJTFTW,@Su19712Su1971
@JudyFrances1975,@lil_lilly001
@cat_blueyes_44,@yinzerbinch
@MrsWilliams___,@alyciacooper
@kelleent,@385parkplace
@LordOdin57,@Who_Planted_A
@missmindylouwho,@ChrissySami1
@mmueller0423,@prestoluh
@ChristineMAGAMD,@jewelofjkt
@realDonaldTrump,@AP
@YarnFumes1,@Exodusi1
@FredrickDale53,@mamabearyealey
@EckhartsLadder,@MSamenfink
@Lrihendry,@PhallanR
@SaulGood18,@laurie_resists
@youcrazypants,@JohnEdenfield77
@MillikenCrow,@bonario_debMart
@mmnew81,@bikemerc1
@artofgb2k,@HtownHeinlein
@PDejarnette,@LaVitaBella1114
@seano21401,@StOmerGodfrey
@seano21401,@intheMatrixxx
@seano21401,@jlongfieldsmith
@BookEnoch,@elenochle
@217Savage,@gotham01
@BenZoldan,@DevonAntonetti
@DaleLee919,@SinistarMoca
@ClassicMan1979,@archct
@OtterWithKids,@EMoThaGr8
@OtterWithKids,@Ysamom
@Petuniamay,@youcrazypants
@y_m_k_m,@arichtall
@DeannaSader,@ANGIELEEE2
@whatupJD3,@tune876
@ShomahKhoobi,@MonizGilchrist
@PrplGld,@norwegian76
@hollyricheson21,@ChadBull420
@redlacez,@missmindylouwho
@redlacez,@ChrissySami1
@jefferyclark,@JohnEdenfield77
@jefferyclark,@youcrazypants
@monspushing,@HippieGod__
@monspushing,@E_Rad_E_Rock
@msue1000,@hotnfathered
@mal_samantha,@blksknhead1739
@abbafanatic12,@jabberwky99
@cgivens21,@OnDemonbreunSt
@JohnOSmith75,@MelvinBagby
@MeSharona1,@ShomahKhoobi
@tjoy7,@LyricalTrump
@therealroseanne,@FoxNews
@chrisb_writer,@haagendas
@chrisb_writer,@shiftywatt
@RacerX57217102,@necrophiliadeli
@phoking_kel,@TheKurdishMamba
@kirkpatrickcp,@DustyCorgill
@TrumpSuxHard,@GreatLakesTees
@SailorDemocracy,@JoeClowers1
@SailorDemocracy,@GinnyMac55
@SailorDemocracy,@Erick_O_524
@SailorDemocracy,@devdev324
@annefcav,@radiographicman
@dnidfo,@Eggs2288
@icrewhelos,@lemire_suzanne
@icrewhelos,@Sadiesayit
@coyotlo,@djthejournalist
@DEn8tive77,@scandallk
@Q221911cavuA22,@flowers3712
@V4V1ndetta,@jlongfieldsmith
@josh_mark_goerg,@MaurizioTweets
@HassyPatassy,@luvnra52
@1st_and_only,@ScottDaniels447
@1st_and_only,@thepolyjunki
@1st_and_only,@JerriSwann21
@1st_and_only,@ITMFA_NOW
@virgoka,@Fingeroflinda1
@BlondJedi,@blaupfeil
@kwickymartkidd,@gohanmatters1
@TheTweetwit,@corcoran_sr
@AnnieMendelsohn,@ted_wal
@Pigletscooter,@DavernSw
@SteveFM20,@ForeverYoungGSW
@stuchbery,@Connor_Bowman
@ghosted_coma,@PricklyPam
@holachola,@LosEstevan
@FrozenSicleGirl,@NerdyGirlsRulz
@FrozenSicleGirl,@DonnaDo89792101
@BarryBonifay,@whthfk1
@charlynfincher,@MightyQuinnUSA
@2ndfor1st,@MARS0411
@OnlyHearSeeHate,@RoyMooresHorse
@Nitrouso2,@orangecone21
@RoyMooresHorse,@the_colin
@arvinforoutan,@Kno
@arvinforoutan,@KendrianaSpeaks
@wthanyway,@lj_summers
@andIwillpersist,@mtrenew
@Jaylikes__,@ArrrrhBeeeee
@icrewhelos,@CNappz
@DarbaDee,@leemacveigh
@kwickymartkidd,@Cameron57300706
@RGlennCooper1,@ElderLansing
@MomWifeGrammy,@Mightymouth5413
@GinaLuciana,@skeeya
@PaulSorrentino3,@JodiCPhoto
@BBCPropaganda,@Waller_Josh_PF
@brucedepenha,@iDizOrder
@JoeMoePgh,@OssannaF
@EthanWheeler78,@QuiGivesaShit
@davecdnb,@Biznezz_Prez
@pedsal,@acidroposy
@therealroseanne,@thehill
@ChrisParry,@irsosmartfan
@libbyannehess,@WattzzD
@libbyannehess,@JamesBu62172122
@Gamerben111,@parkslopegrrl
@grykon,@leyles7
@Pr1vate_Hud50n,@techseargentch1
@Jtmeier23,@katie226610
@therealroseanne,@THR
@Myrydyan1,@valsfedup
@zigzdiamondz2,@Longbow141
@JAmato426,@timothyhaskell
@overthewall1630,@ThreeTouchDowns
@Redshu22,@TwitterMoments
@brandmitchell,@shadowbanned89
@HenHousePodcast,@KyleJamesHoward
@Leftfinished,@IePeta
@Leftfinished,@DemSocAss
@Leftfinished,@Ebony_Dynamite
@RonPritchard,@Jirtney
@104SONADOR,@bleudawn7
@104SONADOR,@PATRIQT_1776
@104SONADOR,@SafiMaasai
@williamlegate,@therealroseanne
@JslayerT,@ILoveHillaryC
@starofthenight5,@firebird20001
@vicpenley,@votedtrump_p
@tillmantweets,@_L_o_r_i_
@MVPCouple,@advodude
@realLibertyTom,@Pablo54572241
@rolliby,@DevenciaK
@cybernoelie,@kmiranda1973
@gcems645,@Immatur3_Adult
@usaforyoubruv,@therealroseanne
@thegeissberger,@1st_and_only
@thegeissberger,@ITMFA_NOW
@thegeissberger,@ScottDaniels447
@thegeissberger,@thepolyjunki
@thegeissberger,@JerriSwann21
@MzJenkins214,@Duckypam
@MZGreenOfficial,@travkee
@Nitrouso2,@lovemymaynard
@MAGAVoice1,@Jtmeier23
@kajaky98,@Kuahmel
@vickibazter,@BarryBonifay
@vickibazter,@whthfk1
@vickibazter,@janice_e
@JonGalt8,@MISSTERYdiva
@JonGalt8,@andygh26
@LindaC0928,@Pria_Amin
@annahjones83,@zbatkalis
@ChippewaPride72,@TrumpsTime1
@50th_President,@anyalhas
@LowLevelGeorge,@jami_san
@cchhjh_josette,@DrShayPhD
@Diane_Sheehan,@wthanyway
@25Article4,@realfakeAF
@haagendas,@shiftywatt
@BBNKyGal,@murmur1118
@SethP23,@C2theA2theB
@Pigletscooter,@jrbloom57
@Kayluvsredwings,@deb3ms
@cigarboyrick82,@sometimes_angry
@Noel_From_Boise,@fewfirstchoice
